target,query
0,pharmachoice marchese health care
1,measles rubella mumps and varicella vaccination
0,4162932429 walmart agincourt store
1,nuclear medicine medicine radiology breast magnetic resonance imaging
0,mobilhomes
1,contraceptive injection medicine contraception gynecology
0,2507432938 lifelabs mill bay 240 2720 mill bay rd
1,inflammatory disease menu planning treatment
1,bronchial provocation test diagnostic
0,on ida walker centre
1,st-guillaume sc mandibulotomy
0,detection times of alcohol in sweat
0,4036092983 safeway canmore
1,bronchoscopy
0,stella gurreri
0,gordon walk-in clinic 1515 gordon st
1,speciality fertility
1,endoscopic mucosal resection surgical procedure diagnostic
1,laser eye surgery
1,physical violence
1,occupational therapy allied health occupations palliative therapy
1,keswick ridge nb narcissistic personality disorder diagnosis
0,familiprix jean duquette 553 rue erin circle j0l 1n0
1,diagnostic endobronchial challenge test
1,surgery nutrition nutrition
0,480a rue st l'allier g0l 1j0 familiprix chloé ouellet sophie laplante benoit st-armand et michel cadrin
0,shoppers drug mart mcknight village 5500 val bridge dr n e
0,cat behavior
0,us bankruptcy court
0,omacor trials
1,surgical procedure coronary artery bypass surgery
0,guardian orton park pharmacy scarborough
1,medicine surgical specialties endoscopic transnasal resection neurosurgery
1,avr
0,pharmasave nottingham
1,medicine fertility induction of ovulation
0,asian stockings
1,counseling job search support
0,familiprix joey maltais 4188652003
0,7057226300 shoppers drug mart bayfield street
1,cardiac transplantation
1,cicatrix treatment medicine dermatology
0,abbotsford bc rexall abbotsford ltc
0,plum grove of palatine nursing home
0,isabelle collin
0,pharmachoice mortar pesto pharmacy
1,counseling suicidal ideation counseling
0,shoppers drug mart woodbine major mackenzie on
1,pulmonology
1,mouth protector products
0,7804783319 shoppers drug mart 50th 129 ave nw
0,the medicine shoppe sydney
1,opioid addiction consultation addiction
1,treatment post-traumatic stress disorder treatment
1,psychology behavioral sciences impulse control disorder counseling
0,airframe powerplant jobs
1,medicine genetic testing
0,educational statistics for us and other countries
0,8197587281 clsc suzor-coté
0,proxim jean-sebastien blais nicolas huot et guillaume latulippe drummondville
0,ida cassandra pharmacy 2040 victoria park ave
0,4036591100 remedy's rx cardston remedys rx
0,federal regulation code pennsylvania
1,care postoperative family medicine
0,v0e 2s0 pharmasave revelstoke
0,yellowstone park map
1,apicoectomy on
1,psychology behavioral sciences psychiatry transcultural
1,medicine internal medicine inhalation provocation test
0,london drugs robson street 6046697374
0,pharmachoice rundle pharmacy t1y 2k1 3735 rundle horne dr ne
1,medicine respiratory
0,5197593784 remedy's rx remedy’srx brantford
0,safeway kensington
1,pneumonology speciality
1,on hair analysis
1,botox aesthetic medicine hyperhydrosis treatment
0,6137283724 rexall carvers ottawa
1,diphtheria tetanus and poliomyelitis vaccination combined vaccination
1,flicker fusion
1,self esteem counseling psychoanalysis
0,renew financial aid
0,r2l 0e5 remedy's rx red river 2 carmen
0,ab bow island health centre
1,aesthetic medicine medicine teosyal plastic surgery
1,computed tomography internal medicine medicine
0,sobeys pharmacy forest lawn ab
0,face wound
0,6044388288 station square medical clinic
1,medicine radiology breast mri nuclear medicine
0,rexall credit valley sc mississauga l5v 2a8
0,ab sharon blott psychological services
1,psychiatry burnout therapy
0,usamriid infectious disease dept
1,echocardiography cardiology medicine internal medicine
0,who is exempt from paying minimum wage
0,jean coutu elie issa takla murr 8192433151
1,bariatric medicine ds-sa sips sadi
0,oakville trafalgar memorial hospital 9058155111
0,hp printers
1,peeling glycolic peeling
1,intellectual disability disorder counseling
1,de passage ali mentale morinville ab
1,intellectual disability disorder counseling ab bonnyville east
1,speciality metabolism and endocrinology speciality
0,ida nobleford pharmacy and compounding
1,st-basile le-grand sc gynecologic oncology
1,communication disorder therapy
0,nicotine
0,shoppers drug mart trafalgar cornwall
1,products contraceptive injection
1,noctural polysomnogram internal medicine medicine
0,mb winnipeg four rivers medical clinic broadway
0,isabelle guay
0,ab properties medical clinic
1,diagnostic keratoconus screening
0,bc pharmasave courtenay
0,service irs
1,urinalysis
1,thermotherapy treatment
0,dorn vamc health care for homeless veterans compensated work therapy program
0,gmf stillview
1,nephrology kidney neoplasms treatment medicine internal medicine
1,williams lake bc lymphatic drainage
0,westwood medical clinic
1,insomnia disorder counseling sc
1,nutrition post stoma
1,psychiatry cultural
0,pharmasave marshall park pharmacy on north bay
0,16630 mckenzie lake blvd t2z 1n4 ida sandstone pharmacies mckenzie lake
0,pharmasave respect rx cornwall on cornwall
1,ultrasound radiology testicular ultrasound
0,glendale walk in clinic family practice
1,aesthetic medicine medicine surgery esthetic
1,digital mammography
1,biopsy diagnostic surgical procedure
1,respirology
0,7803951061 family plus medical clinic meadowbrook
0,synthroid
1,surgical procedure cleft lip and palate surgery
0,shrooms
0,familiprix daniel marin 4506816403
1,surgical procedure mandibular osteotomy dentistry
0,wholesale cypress logs
0,pharmachoice harvest hills pharmacy calgary
0,dr abdulla clinic
1,psychology video game addiction therapy behavioral sciences
1,minor gynecologic surgery gynecology medicine
1,auditory prosthesis
0,mental
1,intrapartum care
1,kidney neoplasms treatment
0,sobeys pharmacy windsor 9027982395
0,41004
1,treatment conjunctivitis treatment
0,insight psychological inc edmonton
1,internal medicine medicine antigen bronchial provocation test pneumology
1,cleft lip and palate surgery no
0,proxim arto basmadjian 5149352441
0,portugal
0,elisabeth carone 5147562021
1,digital breast tomosynthesis radiography radiology
1,medicine internal medicine ct
0,old thompson spice rack
0,vaughan metropolitan medical centre 9057601984
0,mitu mindbody psychotherapy 6474927336
1,inhalation provocation test
0,gumtree
0,4330 sunshine coast hwy 6 v0n 3a1 the medicine shoppe sechelt
1,dentistry treatment palatal expansion technique
0,shoppers drug mart mission hill plaza
0,free basing
0,walmart carbonear store carbonear el
0,jean coutu dimitrios kokozos
1,gluten intolerance nutrition ab alix
1,medicine surgical specialties thoracic surgery coronary artery bypass surgery
0,pharmasave langenburg sk langenburg
0,474 college st m6g 1a4 lifelabs toronto 474 college st
1,products protective mouth piece dentistry
0,free marriage and divorce records
0,chinese pugs
1,family medicine health checkup
1,surgical thrombectomy medicine cardiology
0,loblaws pharmacy leamington
1,periodontal surgery
0,shoppers drug mart king tecumseh 761 king street west
0,pharmachoice dales pharmacy toronto on
0,my tsp
0,define serum
1,inflammatory disease nutrition
1,surgical procedure orchiectomy
1,behavioral sciences psychology ethnopsychology
0,shoppers drug mart cromdale t5b 0r9
1,amqui sc metabolism and endocrinology speciality
1,surgical procedure aortocoronary bypass
1,gluten allergy test
0,day care center in new york
0,pharmasave brighton
0,master of business administration
